-- MySQL dump 10.13  Distrib 8.0.20, for Win64 (x86_64)
--
-- Host: 127.0.0.1    Database: db_ecommerce
-- ------------------------------------------------------
-- Server version	5.5.5-10.4.11-MariaDB

/*!40101 SET @OLD_CHARACTER_SET_CLIENT=@@CHARACTER_SET_CLIENT */;
/*!40101 SET @OLD_CHARACTER_SET_RESULTS=@@CHARACTER_SET_RESULTS */;
/*!40101 SET @OLD_COLLATION_CONNECTION=@@COLLATION_CONNECTION */;
/*!50503 SET NAMES utf8 */;
/*!40103 SET @OLD_TIME_ZONE=@@TIME_ZONE */;
/*!40103 SET TIME_ZONE='+00:00' */;
/*!40014 SET @OLD_UNIQUE_CHECKS=@@UNIQUE_CHECKS, UNIQUE_CHECKS=0 */;
/*!40014 SET @OLD_FOREIGN_KEY_CHECKS=@@FOREIGN_KEY_CHECKS, FOREIGN_KEY_CHECKS=0 */;
/*!40101 SET @OLD_SQL_MODE=@@SQL_MODE, SQL_MODE='NO_AUTO_VALUE_ON_ZERO' */;
/*!40111 SET @OLD_SQL_NOTES=@@SQL_NOTES, SQL_NOTES=0 */;

CREATE DATABASE  IF NOT EXISTS `db_ecommerce` /*!40100 DEFAULT CHARACTER SET utf8 */;
USE `db_ecommerce`;

--
-- Table structure for table `tb_addresses`
--

DROP TABLE IF EXISTS `tb_addresses`;
/*!40101 SET @saved_cs_client     = @@character_set_client */;
/*!50503 SET character_set_client = utf8mb4 */;
CREATE TABLE `tb_addresses` (
  `idaddress` int(11) NOT NULL AUTO_INCREMENT,
  `idperson` int(11) NOT NULL,
  `desaddress` varchar(128) NOT NULL,
  `desnumber` varchar(16) NOT NULL,
  `descomplement` varchar(32) DEFAULT NULL,
  `descity` varchar(32) NOT NULL,
  `desstate` varchar(32) NOT NULL,
  `descountry` varchar(32) NOT NULL,
  `deszipcode` char(8) NOT NULL,
  `desdistrict` varchar(32) NOT NULL,
  `dtregister` timestamp NOT NULL DEFAULT current_timestamp(),
  PRIMARY KEY (`idaddress`),
  KEY `fk_addresses_persons_idx` (`idperson`),
  CONSTRAINT `fk_addresses_persons` FOREIGN KEY (`idperson`) REFERENCES `tb_persons` (`idperson`) ON DELETE NO ACTION ON UPDATE NO ACTION
) ENGINE=InnoDB AUTO_INCREMENT=5 DEFAULT CHARSET=utf8;
/*!40101 SET character_set_client = @saved_cs_client */;

--
-- Dumping data for table `tb_addresses`
--

LOCK TABLES `tb_addresses` WRITE;
/*!40000 ALTER TABLE `tb_addresses` DISABLE KEYS */;
INSERT INTO `tb_addresses` VALUES (1,2,'Rua Euclides da Cunha','274','Apto 301','Ipatinga','MG','Brasil','35162364','Cidade Nobre','2020-06-01 16:13:00'),(2,5,'Rua Serra Geral','720',NULL,'Ipatinga','MG','Brasil','35164236','Jardim Panorama','2020-06-03 16:05:00'),(3,27,'','351','','Ipatinga','MG','Brasil','35162038','Iguaçu','2020-06-18 16:11:20');
/*!40000 ALTER TABLE `tb_addresses` ENABLE KEYS */;
UNLOCK TABLES;

--
-- Table structure for table `tb_carts`
--

DROP TABLE IF EXISTS `tb_carts`;
/*!40101 SET @saved_cs_client     = @@character_set_client */;
/*!50503 SET character_set_client = utf8mb4 */;
CREATE TABLE `tb_carts` (
  `idcart` int(11) NOT NULL AUTO_INCREMENT,
  `dessessionid` varchar(64) NOT NULL,
  `iduser` int(11) DEFAULT NULL,
  `deszipcode` char(8) DEFAULT NULL,
  `vlfreight` decimal(10,2) DEFAULT NULL,
  `nrdays` int(11) DEFAULT NULL,
  `dtregister` timestamp NOT NULL DEFAULT current_timestamp(),
  PRIMARY KEY (`idcart`),
  KEY `FK_carts_users_idx` (`iduser`),
  CONSTRAINT `fk_carts_users` FOREIGN KEY (`iduser`) REFERENCES `tb_users` (`iduser`) ON DELETE NO ACTION ON UPDATE NO ACTION
) ENGINE=InnoDB AUTO_INCREMENT=30 DEFAULT CHARSET=utf8;
/*!40101 SET character_set_client = @saved_cs_client */;

--
-- Dumping data for table `tb_carts`
--

LOCK TABLES `tb_carts` WRITE;
/*!40000 ALTER TABLE `tb_carts` DISABLE KEYS */;
INSERT INTO `tb_carts` VALUES (2,'7hmfmgse6cdnmhvm77cljvuboq',NULL,NULL,NULL,NULL,'2020-06-05 22:42:34'),(3,'q0odd0nc4d8o6pld4t79icsu68',NULL,'1301090',142.13,4,'2020-06-08 20:33:02'),(4,'t3cssja2fv2vgl1ep21enclodo',NULL,NULL,NULL,NULL,'2020-06-08 23:25:36'),(5,'mi4m3g54j7hp53fp0q9m8bfhlb',NULL,NULL,NULL,NULL,'2020-06-09 02:50:19'),(6,'o50rrlu2qkntajvggjs9oqqp49',NULL,NULL,NULL,NULL,'2020-06-09 18:06:54'),(7,'4m4rgqooahib7m7goo2c052i1f',13,'35162364',163.34,2,'2020-06-09 19:20:54'),(8,'h582jlebb91bm2vlkttvvmi4tk',NULL,'35162095',61.64,2,'2020-06-11 21:50:53'),(12,'qg4g403spksci3vuuktnd29mgr',NULL,'35164236',70.74,2,'2020-06-12 00:56:28'),(13,'sb48kgpboome1eaml6jrjn1pln',14,'35164236',70.74,2,'2020-06-12 00:58:46'),(15,'b2irsg64gckrlbbaudm9l3fjhk',NULL,'35164236',70.74,2,'2020-06-12 01:14:41'),(16,'ejjg060k2dqr12omrbt5e82n0e',NULL,NULL,NULL,NULL,'2020-06-12 01:23:04'),(17,'jv6s9rdqr2u10eufddvim793fl',NULL,'35900105',111.43,5,'2020-06-12 01:24:15'),(18,'s88ujggujjn1himi41aeh668f8',NULL,NULL,NULL,NULL,'2020-06-12 01:29:05'),(19,'iuqiug6sn9mvoco3m3l3t1gp2p',NULL,'35900105',111.43,5,'2020-06-12 01:30:17'),(20,'ghhg2u83m466kp21887q0mpbvc',NULL,NULL,NULL,NULL,'2020-06-15 13:52:59'),(21,'hnobtue2f93q58o3ggu97iepdu',NULL,NULL,NULL,NULL,'2020-06-15 13:53:00'),(22,'qfpsjiq0ok4cp74lsqs6fdg7vp',NULL,NULL,NULL,NULL,'2020-06-16 03:25:10'),(23,'q5cn6rg1q5nrosk3gjv0352mgr',NULL,NULL,NULL,NULL,'2020-06-17 14:38:51'),(24,'egs91u0lqc5lk9ko7qpinfm91c',NULL,NULL,NULL,NULL,'2020-06-17 14:38:51'),(25,'i6gk13pe396cjiei1p5jgt04ed',NULL,'35164236',131.34,2,'2020-06-17 15:38:43'),(26,'rf6ig5sklgti8bm54e0pca0sc3',NULL,NULL,NULL,NULL,'2020-06-18 00:40:12'),(27,'cah62r470ohqj2dm4q5acvp1h9',NULL,'35164236',106.23,2,'2020-06-18 00:49:16'),(28,'ls9s2e2pin4s6c8uaopsnjo4rg',NULL,NULL,NULL,NULL,'2020-06-18 15:48:53'),(29,'s47039goj20k6hpur7lmt54bef',NULL,NULL,NULL,NULL,'2020-06-18 15:48:54');
/*!40000 ALTER TABLE `tb_carts` ENABLE KEYS */;
UNLOCK TABLES;

--
-- Table structure for table `tb_cartsproducts`
--

DROP TABLE IF EXISTS `tb_cartsproducts`;
/*!40101 SET @saved_cs_client     = @@character_set_client */;
/*!50503 SET character_set_client = utf8mb4 */;
CREATE TABLE `tb_cartsproducts` (
  `idcartproduct` int(11) NOT NULL AUTO_INCREMENT,
  `idcart` int(11) NOT NULL,
  `idproduct` int(11) NOT NULL,
  `dtremoved` datetime DEFAULT NULL,
  `dtregister` timestamp NOT NULL DEFAULT current_timestamp(),
  PRIMARY KEY (`idcartproduct`),
  KEY `FK_cartsproducts_carts_idx` (`idcart`),
  KEY `FK_cartsproducts_products_idx` (`idproduct`),
  CONSTRAINT `fk_cartsproducts_carts` FOREIGN KEY (`idcart`) REFERENCES `tb_carts` (`idcart`) ON DELETE NO ACTION ON UPDATE NO ACTION,
  CONSTRAINT `fk_cartsproducts_products` FOREIGN KEY (`idproduct`) REFERENCES `tb_products` (`idproduct`) ON DELETE NO ACTION ON UPDATE NO ACTION
) ENGINE=InnoDB AUTO_INCREMENT=2 DEFAULT CHARSET=utf8;
/*!40101 SET character_set_client = @saved_cs_client */;

--
-- Dumping data for table `tb_cartsproducts`
--

LOCK TABLES `tb_cartsproducts` WRITE;
/*!40000 ALTER TABLE `tb_cartsproducts` DISABLE KEYS */;
INSERT INTO `tb_cartsproducts` VALUES (1,27,4,NULL,'2020-06-18 00:51:48');
/*!40000 ALTER TABLE `tb_cartsproducts` ENABLE KEYS */;
UNLOCK TABLES;

--
-- Table structure for table `tb_categories`
--

DROP TABLE IF EXISTS `tb_categories`;
/*!40101 SET @saved_cs_client     = @@character_set_client */;
/*!50503 SET character_set_client = utf8mb4 */;
CREATE TABLE `tb_categories` (
  `idcategory` int(11) NOT NULL AUTO_INCREMENT,
  `descategory` varchar(32) NOT NULL,
  `dtregister` timestamp NOT NULL DEFAULT current_timestamp(),
  PRIMARY KEY (`idcategory`)
) ENGINE=InnoDB AUTO_INCREMENT=9 DEFAULT CHARSET=utf8;
/*!40101 SET character_set_client = @saved_cs_client */;

--
-- Dumping data for table `tb_categories`
--

LOCK TABLES `tb_categories` WRITE;
/*!40000 ALTER TABLE `tb_categories` DISABLE KEYS */;
INSERT INTO `tb_categories` VALUES (1,'Apple','2020-06-04 17:22:34'),(2,'Motorola','2020-06-04 17:34:06'),(3,'Zenfone','2020-06-04 18:02:50'),(4,'Samsung','2020-06-04 18:02:59'),(5,'Android','2020-06-05 18:39:56'),(6,'IOS','2020-06-17 21:41:13');
/*!40000 ALTER TABLE `tb_categories` ENABLE KEYS */;
UNLOCK TABLES;

--
-- Table structure for table `tb_orders`
--

DROP TABLE IF EXISTS `tb_orders`;
/*!40101 SET @saved_cs_client     = @@character_set_client */;
/*!50503 SET character_set_client = utf8mb4 */;
CREATE TABLE `tb_orders` (
  `idorder` int(11) NOT NULL AUTO_INCREMENT,
  `idcart` int(11) NOT NULL,
  `iduser` int(11) NOT NULL,
  `idstatus` int(11) NOT NULL,
  `idaddress` int(11) NOT NULL,
  `vltotal` decimal(10,2) NOT NULL,
  `dtregister` timestamp NOT NULL DEFAULT current_timestamp(),
  PRIMARY KEY (`idorder`),
  KEY `FK_orders_users_idx` (`iduser`),
  KEY `fk_orders_ordersstatus_idx` (`idstatus`),
  KEY `fk_orders_carts_idx` (`idcart`),
  KEY `fk_orders_addresses_idx` (`idaddress`),
  CONSTRAINT `fk_orders_addresses` FOREIGN KEY (`idaddress`) REFERENCES `tb_addresses` (`idaddress`) ON DELETE NO ACTION ON UPDATE NO ACTION,
  CONSTRAINT `fk_orders_carts` FOREIGN KEY (`idcart`) REFERENCES `tb_carts` (`idcart`) ON DELETE NO ACTION ON UPDATE NO ACTION,
  CONSTRAINT `fk_orders_ordersstatus` FOREIGN KEY (`idstatus`) REFERENCES `tb_ordersstatus` (`idstatus`) ON DELETE NO ACTION ON UPDATE NO ACTION,
  CONSTRAINT `fk_orders_users` FOREIGN KEY (`iduser`) REFERENCES `tb_users` (`iduser`) ON DELETE NO ACTION ON UPDATE NO ACTION
) ENGINE=InnoDB DEFAULT CHARSET=utf8;
/*!40101 SET character_set_client = @saved_cs_client */;

--
-- Dumping data for table `tb_orders`
--

LOCK TABLES `tb_orders` WRITE;
/*!40000 ALTER TABLE `tb_orders` DISABLE KEYS */;
/*!40000 ALTER TABLE `tb_orders` ENABLE KEYS */;
UNLOCK TABLES;

--
-- Table structure for table `tb_ordersstatus`
--

DROP TABLE IF EXISTS `tb_ordersstatus`;
/*!40101 SET @saved_cs_client     = @@character_set_client */;
/*!50503 SET character_set_client = utf8mb4 */;
CREATE TABLE `tb_ordersstatus` (
  `idstatus` int(11) NOT NULL AUTO_INCREMENT,
  `desstatus` varchar(32) NOT NULL,
  `dtregister` timestamp NOT NULL DEFAULT current_timestamp(),
  PRIMARY KEY (`idstatus`)
) ENGINE=InnoDB AUTO_INCREMENT=5 DEFAULT CHARSET=utf8;
/*!40101 SET character_set_client = @saved_cs_client */;

--
-- Dumping data for table `tb_ordersstatus`
--

LOCK TABLES `tb_ordersstatus` WRITE;
/*!40000 ALTER TABLE `tb_ordersstatus` DISABLE KEYS */;
INSERT INTO `tb_ordersstatus` VALUES (1,'Em Aberto','2017-03-13 03:00:00'),(2,'Aguardando Pagamento','2017-03-13 03:00:00'),(3,'Pago','2017-03-13 03:00:00'),(4,'Entregue','2017-03-13 03:00:00');
/*!40000 ALTER TABLE `tb_ordersstatus` ENABLE KEYS */;
UNLOCK TABLES;

--
-- Table structure for table `tb_orderstypespag`
--

DROP TABLE IF EXISTS `tb_orderstypespag`;
/*!40101 SET @saved_cs_client     = @@character_set_client */;
/*!50503 SET character_set_client = utf8mb4 */;
CREATE TABLE `tb_orderstypespag` (
  `idtype` int(11) NOT NULL AUTO_INCREMENT,
  `destypepag` varchar(45) NOT NULL,
  `dataregister` timestamp NOT NULL DEFAULT current_timestamp() ON UPDATE current_timestamp(),
  PRIMARY KEY (`idtype`)
) ENGINE=InnoDB AUTO_INCREMENT=4 DEFAULT CHARSET=utf8;
/*!40101 SET character_set_client = @saved_cs_client */;

--
-- Dumping data for table `tb_orderstypespag`
--

LOCK TABLES `tb_orderstypespag` WRITE;
/*!40000 ALTER TABLE `tb_orderstypespag` DISABLE KEYS */;
INSERT INTO `tb_orderstypespag` VALUES (1,'Boleto Bancário','2020-06-18 00:07:29'),(2,'PagSeguro','2020-06-18 00:08:24'),(3,'Paypal','2020-06-18 00:08:35');
/*!40000 ALTER TABLE `tb_orderstypespag` ENABLE KEYS */;
UNLOCK TABLES;

--
-- Table structure for table `tb_persons`
--

DROP TABLE IF EXISTS `tb_persons`;
/*!40101 SET @saved_cs_client     = @@character_set_client */;
/*!50503 SET character_set_client = utf8mb4 */;
CREATE TABLE `tb_persons` (
  `idperson` int(11) NOT NULL AUTO_INCREMENT,
  `desperson` varchar(64) NOT NULL,
  `desemail` varchar(128) DEFAULT NULL,
  `nrphone` bigint(20) DEFAULT NULL,
  `dtregister` timestamp NOT NULL DEFAULT current_timestamp(),
  PRIMARY KEY (`idperson`)
) ENGINE=InnoDB AUTO_INCREMENT=29 DEFAULT CHARSET=utf8;
/*!40101 SET character_set_client = @saved_cs_client */;

--
-- Dumping data for table `tb_persons`
--

LOCK TABLES `tb_persons` WRITE;
/*!40000 ALTER TABLE `tb_persons` DISABLE KEYS */;
INSERT INTO `tb_persons` VALUES (1,'Administrador','neltonsilva13@gmail.com',31988630130,'2020-06-16 02:40:13'),(2,'Nelton Silva','neltonarsi@gmail.com',31988630130,'2020-06-03 01:08:32'),(3,'Suporte','suporte@hcode.com.br',1112345678,'2017-03-15 16:10:27'),(4,'Erika Silva','neltonarsilva@gmail.com',31988150172,'2020-06-16 03:24:05'),(5,'Nilton Cesar','neltonarsi@hotmail.com',31988630130,'2020-06-09 19:07:09'),(26,'Filipe Bispo','nelton@masterpublica.com.br',31988630130,'2020-06-18 16:09:50'),(27,'Filipe Bispo','nelton@masterpublica.com.br',31988630130,'2020-06-18 16:11:20'),(28,'Filipe Bispo','nelton@masterpublica.com.br',31988630130,'2020-06-18 17:28:04');
/*!40000 ALTER TABLE `tb_persons` ENABLE KEYS */;
UNLOCK TABLES;

--
-- Table structure for table `tb_products`
--

DROP TABLE IF EXISTS `tb_products`;
/*!40101 SET @saved_cs_client     = @@character_set_client */;
/*!50503 SET character_set_client = utf8mb4 */;
CREATE TABLE `tb_products` (
  `idproduct` int(11) NOT NULL AUTO_INCREMENT,
  `desproduct` varchar(64) NOT NULL,
  `vlprice` decimal(10,2) NOT NULL,
  `vlwidth` decimal(10,2) NOT NULL,
  `vlheight` decimal(10,2) NOT NULL,
  `vllength` decimal(10,2) NOT NULL,
  `vlweight` decimal(10,2) NOT NULL,
  `desurl` varchar(128) NOT NULL,
  `dtregister` timestamp NOT NULL DEFAULT current_timestamp(),
  PRIMARY KEY (`idproduct`)
) ENGINE=InnoDB AUTO_INCREMENT=12 DEFAULT CHARSET=utf8;
/*!40101 SET character_set_client = @saved_cs_client */;

--
-- Dumping data for table `tb_products`
--

LOCK TABLES `tb_products` WRITE;
/*!40000 ALTER TABLE `tb_products` DISABLE KEYS */;
INSERT INTO `tb_products` VALUES (4,'iPad 7ª Geração Apple Cinza Espacial com Tela 10,2, Wi-Fi, iPadO',3514.70,18.50,26.30,6.20,0.92,'ipad-32gb-apple','2020-06-04 21:11:31'),(5,'Smartphone Asus Zenfone 5 Preto 64GB, Tela 6.2\", 4GB RAM, Câmera',2199.00,7.50,15.30,7.80,0.16,'smartphone-asus-zenfone','2020-06-04 22:32:28'),(6,'Smartphone Motorola Moto G5 Plus',1135.23,15.20,7.40,0.70,0.16,'smartphone-motorola-moto-g5-plus','2020-06-04 22:44:22'),(7,'Smartphone Moto Z Play',1887.78,14.10,0.90,1.16,0.13,'smartphone-moto-z-play','2020-06-04 22:44:22'),(8,'Smartphone Samsung Galaxy J5 Pro',1299.00,14.60,7.10,0.80,0.16,'smartphone-samsung-galaxy-j5','2020-06-04 22:44:22'),(9,'Smartphone Samsung Galaxy J7 Prime',1149.00,15.10,7.50,0.80,0.16,'smartphone-samsung-galaxy-j7','2020-06-04 22:44:22'),(10,'Smartphone Samsung Galaxy J3 Dual',679.90,14.20,7.10,0.70,0.14,'smartphone-samsung-galaxy-j3','2020-06-04 22:44:22'),(11,'Zenfone 6 Black Asus, com Tela de 6,4”, 4G, 128 GB e Câmera Flip',3149.00,9.40,17.90,6.20,0.49,'ZENFONE6_BLACK_ZS630KL','2020-06-16 01:41:24');
/*!40000 ALTER TABLE `tb_products` ENABLE KEYS */;
UNLOCK TABLES;

--
-- Table structure for table `tb_productscategories`
--

DROP TABLE IF EXISTS `tb_productscategories`;
/*!40101 SET @saved_cs_client     = @@character_set_client */;
/*!50503 SET character_set_client = utf8mb4 */;
CREATE TABLE `tb_productscategories` (
  `idcategory` int(11) NOT NULL,
  `idproduct` int(11) NOT NULL,
  PRIMARY KEY (`idcategory`,`idproduct`),
  KEY `fk_productscategories_products_idx` (`idproduct`),
  CONSTRAINT `fk_productscategories_categories` FOREIGN KEY (`idcategory`) REFERENCES `tb_categories` (`idcategory`) ON DELETE NO ACTION ON UPDATE NO ACTION,
  CONSTRAINT `fk_productscategories_products` FOREIGN KEY (`idproduct`) REFERENCES `tb_products` (`idproduct`) ON DELETE NO ACTION ON UPDATE NO ACTION
) ENGINE=InnoDB DEFAULT CHARSET=utf8;
/*!40101 SET character_set_client = @saved_cs_client */;

--
-- Dumping data for table `tb_productscategories`
--

LOCK TABLES `tb_productscategories` WRITE;
/*!40000 ALTER TABLE `tb_productscategories` DISABLE KEYS */;
/*!40000 ALTER TABLE `tb_productscategories` ENABLE KEYS */;
UNLOCK TABLES;

--
-- Table structure for table `tb_users`
--

DROP TABLE IF EXISTS `tb_users`;
/*!40101 SET @saved_cs_client     = @@character_set_client */;
/*!50503 SET character_set_client = utf8mb4 */;
CREATE TABLE `tb_users` (
  `iduser` int(11) NOT NULL AUTO_INCREMENT,
  `idperson` int(11) NOT NULL,
  `deslogin` varchar(64) NOT NULL,
  `despassword` varchar(256) NOT NULL,
  `inadmin` tinyint(4) NOT NULL DEFAULT 0,
  `dtregister` timestamp NOT NULL DEFAULT current_timestamp(),
  PRIMARY KEY (`iduser`),
  KEY `FK_users_persons_idx` (`idperson`),
  CONSTRAINT `fk_users_persons` FOREIGN KEY (`idperson`) REFERENCES `tb_persons` (`idperson`) ON DELETE NO ACTION ON UPDATE NO ACTION
) ENGINE=InnoDB AUTO_INCREMENT=29 DEFAULT CHARSET=utf8;
/*!40101 SET character_set_client = @saved_cs_client */;

--
-- Dumping data for table `tb_users`
--

LOCK TABLES `tb_users` WRITE;
/*!40000 ALTER TABLE `tb_users` DISABLE KEYS */;
INSERT INTO `tb_users` VALUES (1,1,'admin','$2y$12$BwVG0yYZ0vrnrK3no1RkmOhZizksanWpAFWrS9KcoCuPL5WC7sNIu',1,'2020-06-16 02:40:13'),(2,2,'nelton','$2y$12$o160f6DH3Qt4bQbPDGDz9un3Elp3BiOmsTeBLag8VqCcnPp2Tu3B2',1,'2020-06-03 01:08:32'),(3,3,'suporte','$2y$12$OSgYUDAZhLFc6OYjKe0xAOzilXDfU8LsH5jhiq42mTwm3NGr4Zupe',1,'2017-03-15 16:10:27'),(4,4,'erika','$2y$12$qSrBSrJZs44v.yuhLjH1PeiGo5rJ.5S1w4JAiQuFY6zDifdGMPw.6',0,'2020-06-16 03:24:05'),(5,5,'neltonarsi@hotmail.com','$2y$12$uBBWkHsN0HBMWGxChpiwKOiDQqcAdbt0nhQdiSlDjmxcsPMd07aJy',0,'2020-06-09 19:07:09'),(26,26,'filipe','123',1,'2020-06-18 16:09:50'),(27,27,'filipe','123',1,'2020-06-18 16:11:20'),(28,28,'filipe','123',1,'2020-06-18 17:28:04');
/*!40000 ALTER TABLE `tb_users` ENABLE KEYS */;
UNLOCK TABLES;

--
-- Table structure for table `tb_userslogs`
--

DROP TABLE IF EXISTS `tb_userslogs`;
/*!40101 SET @saved_cs_client     = @@character_set_client */;
/*!50503 SET character_set_client = utf8mb4 */;
CREATE TABLE `tb_userslogs` (
  `idlog` int(11) NOT NULL AUTO_INCREMENT,
  `iduser` int(11) NOT NULL,
  `deslog` varchar(128) NOT NULL,
  `desip` varchar(45) NOT NULL,
  `desuseragent` varchar(128) NOT NULL,
  `dessessionid` varchar(64) NOT NULL,
  `desurl` varchar(128) NOT NULL,
  `dtregister` timestamp NOT NULL DEFAULT current_timestamp(),
  PRIMARY KEY (`idlog`),
  KEY `fk_userslogs_users_idx` (`iduser`),
  CONSTRAINT `fk_userslogs_users` FOREIGN KEY (`iduser`) REFERENCES `tb_users` (`iduser`) ON DELETE NO ACTION ON UPDATE NO ACTION
) ENGINE=InnoDB DEFAULT CHARSET=utf8;
/*!40101 SET character_set_client = @saved_cs_client */;

--
-- Dumping data for table `tb_userslogs`
--

LOCK TABLES `tb_userslogs` WRITE;
/*!40000 ALTER TABLE `tb_userslogs` DISABLE KEYS */;
/*!40000 ALTER TABLE `tb_userslogs` ENABLE KEYS */;
UNLOCK TABLES;

--
-- Table structure for table `tb_userspasswordsrecoveries`
--

DROP TABLE IF EXISTS `tb_userspasswordsrecoveries`;
/*!40101 SET @saved_cs_client     = @@character_set_client */;
/*!50503 SET character_set_client = utf8mb4 */;
CREATE TABLE `tb_userspasswordsrecoveries` (
  `idrecovery` int(11) NOT NULL AUTO_INCREMENT,
  `iduser` int(11) NOT NULL,
  `desip` varchar(45) NOT NULL,
  `dtrecovery` datetime DEFAULT NULL,
  `dtregister` timestamp NOT NULL DEFAULT current_timestamp(),
  PRIMARY KEY (`idrecovery`),
  KEY `fk_userspasswordsrecoveries_users_idx` (`iduser`),
  CONSTRAINT `fk_userspasswordsrecoveries_users` FOREIGN KEY (`iduser`) REFERENCES `tb_users` (`iduser`) ON DELETE NO ACTION ON UPDATE NO ACTION
) ENGINE=InnoDB DEFAULT CHARSET=utf8;
/*!40101 SET character_set_client = @saved_cs_client */;

--
-- Dumping data for table `tb_userspasswordsrecoveries`
--

LOCK TABLES `tb_userspasswordsrecoveries` WRITE;
/*!40000 ALTER TABLE `tb_userspasswordsrecoveries` DISABLE KEYS */;
/*!40000 ALTER TABLE `tb_userspasswordsrecoveries` ENABLE KEYS */;
UNLOCK TABLES;

--
-- Dumping events for database 'db_ecommerce'
--

--
-- Dumping routines for database 'db_ecommerce'
--
/*!50003 DROP PROCEDURE IF EXISTS `sp_addresses_save` */;
/*!50003 SET @saved_cs_client      = @@character_set_client */ ;
/*!50003 SET @saved_cs_results     = @@character_set_results */ ;
/*!50003 SET @saved_col_connection = @@collation_connection */ ;
/*!50003 SET character_set_client  = utf8 */ ;
/*!50003 SET character_set_results = utf8 */ ;
/*!50003 SET collation_connection  = utf8_general_ci */ ;
/*!50003 SET @saved_sql_mode       = @@sql_mode */ ;
/*!50003 SET sql_mode              = 'NO_ENGINE_SUBSTITUTION' */ ;
DELIMITER ;;
CREATE DEFINER=`Nelton`@`localhost` PROCEDURE `sp_addresses_save`(
pidaddress int(11), 
pidperson int(11),
pdesaddress varchar(128),
pdesnumber varchar(16),
pdescomplement varchar(32),
pdescity varchar(32),
pdesstate varchar(32),
pdescountry varchar(32),
pdeszipcode char(8),
pdesdistrict varchar(32)
)
BEGIN

	IF pidaddress > 0 THEN
		
		UPDATE tb_addresses
        SET
			idperson = pidperson,
            desaddress = pdesaddress,
            desnumber = pdesnumber,
            descomplement = pdescomplement,
            descity = pdescity,
            desstate = pdesstate,
            descountry = pdescountry,
            deszipcode = pdeszipcode, 
            desdistrict = pdesdistrict
		WHERE idaddress = pidaddress;
        
    ELSE
		
		INSERT INTO tb_addresses (idperson, desaddress, desnumber, descomplement, descity, desstate, descountry, deszipcode, desdistrict)
        VALUES(pidperson, pdesaddress, pdesnumber, pdescomplement, pdescity, pdesstate, pdescountry, pdeszipcode, pdesdistrict);
        
        SET pidaddress = LAST_INSERT_ID();
        
    END IF;
    
    SELECT * FROM tb_addresses WHERE idaddress = pidaddress;

END ;;
DELIMITER ;
/*!50003 SET sql_mode              = @saved_sql_mode */ ;
/*!50003 SET character_set_client  = @saved_cs_client */ ;
/*!50003 SET character_set_results = @saved_cs_results */ ;
/*!50003 SET collation_connection  = @saved_col_connection */ ;
/*!50003 DROP PROCEDURE IF EXISTS `sp_carts_save` */;
/*!50003 SET @saved_cs_client      = @@character_set_client */ ;
/*!50003 SET @saved_cs_results     = @@character_set_results */ ;
/*!50003 SET @saved_col_connection = @@collation_connection */ ;
/*!50003 SET character_set_client  = utf8mb4 */ ;
/*!50003 SET character_set_results = utf8mb4 */ ;
/*!50003 SET collation_connection  = utf8mb4_general_ci */ ;
/*!50003 SET @saved_sql_mode       = @@sql_mode */ ;
/*!50003 SET sql_mode              = 'NO_ZERO_IN_DATE,NO_ZERO_DATE,NO_ENGINE_SUBSTITUTION' */ ;
DELIMITER ;;
CREATE DEFINER=`Nelton`@`localhost` PROCEDURE `sp_carts_save`(
pidcart INT,
pdessessionid VARCHAR(64),
piduser INT,
pdeszipcode CHAR(8),
pvlfreight DECIMAL(10,2),
pnrdays INT
)
BEGIN

    IF pidcart > 0 THEN
        
        UPDATE tb_carts
        SET
            dessessionid = pdessessionid,
            iduser = piduser,
            deszipcode = pdeszipcode,
            vlfreight = pvlfreight,
            nrdays = pnrdays
        WHERE idcart = pidcart;
        
    ELSE
        
        INSERT INTO tb_carts (dessessionid, iduser, deszipcode, vlfreight, nrdays)
        VALUES(pdessessionid, piduser, pdeszipcode, pvlfreight, pnrdays);
        
        SET pidcart = LAST_INSERT_ID();
        
    END IF;
    
    SELECT * FROM tb_carts WHERE idcart = pidcart;

END ;;
DELIMITER ;
/*!50003 SET sql_mode              = @saved_sql_mode */ ;
/*!50003 SET character_set_client  = @saved_cs_client */ ;
/*!50003 SET character_set_results = @saved_cs_results */ ;
/*!50003 SET collation_connection  = @saved_col_connection */ ;
/*!50003 DROP PROCEDURE IF EXISTS `sp_categories_save` */;
/*!50003 SET @saved_cs_client      = @@character_set_client */ ;
/*!50003 SET @saved_cs_results     = @@character_set_results */ ;
/*!50003 SET @saved_col_connection = @@collation_connection */ ;
/*!50003 SET character_set_client  = utf8mb4 */ ;
/*!50003 SET character_set_results = utf8mb4 */ ;
/*!50003 SET collation_connection  = utf8mb4_general_ci */ ;
/*!50003 SET @saved_sql_mode       = @@sql_mode */ ;
/*!50003 SET sql_mode              = 'NO_ZERO_IN_DATE,NO_ZERO_DATE,NO_ENGINE_SUBSTITUTION' */ ;
DELIMITER ;;
CREATE DEFINER=`Nelton`@`localhost` PROCEDURE `sp_categories_save`(
pidcategory INT,
pdescategory VARCHAR(64)
)
BEGIN
	
	IF pidcategory > 0 THEN
		
		UPDATE tb_categories
        SET descategory = pdescategory
        WHERE idcategory = pidcategory;
        
    ELSE
		
		INSERT INTO tb_categories (descategory) VALUES(pdescategory);
        
        SET pidcategory = LAST_INSERT_ID();
        
    END IF;
    
    SELECT * FROM tb_categories WHERE idcategory = pidcategory;
    
END ;;
DELIMITER ;
/*!50003 SET sql_mode              = @saved_sql_mode */ ;
/*!50003 SET character_set_client  = @saved_cs_client */ ;
/*!50003 SET character_set_results = @saved_cs_results */ ;
/*!50003 SET collation_connection  = @saved_col_connection */ ;
/*!50003 DROP PROCEDURE IF EXISTS `sp_orders_save` */;
/*!50003 SET @saved_cs_client      = @@character_set_client */ ;
/*!50003 SET @saved_cs_results     = @@character_set_results */ ;
/*!50003 SET @saved_col_connection = @@collation_connection */ ;
/*!50003 SET character_set_client  = utf8mb4 */ ;
/*!50003 SET character_set_results = utf8mb4 */ ;
/*!50003 SET collation_connection  = utf8mb4_general_ci */ ;
/*!50003 SET @saved_sql_mode       = @@sql_mode */ ;
/*!50003 SET sql_mode              = 'NO_ZERO_IN_DATE,NO_ZERO_DATE,NO_ENGINE_SUBSTITUTION' */ ;
DELIMITER ;;
CREATE DEFINER=`Nelton`@`localhost` PROCEDURE `sp_orders_save`(
pidorder INT,
pidcart int(11),
piduser int(11),
pidstatus int(11),
pidaddress int(11),
pvltotal decimal(10,2)
)
BEGIN
	
	IF pidorder > 0 THEN
		
		UPDATE tb_orders
        SET
			idcart = pidcart,
            iduser = piduser,
            idstatus = pidstatus,
            idaddress = pidaddress,
            vltotal = pvltotal
		WHERE idorder = pidorder;
        
    ELSE
    
		INSERT INTO tb_orders (idcart, iduser, idstatus, idaddress, vltotal)
        VALUES(pidcart, piduser, pidstatus, pidaddress, pvltotal);
		
		SET pidorder = LAST_INSERT_ID();
        
    END IF;
    
    SELECT * 
    FROM tb_orders a
    INNER JOIN tb_ordersstatus b USING(idstatus)
    INNER JOIN tb_carts c USING(idcart)
    INNER JOIN tb_users d ON d.iduser = a.iduser
    INNER JOIN tb_addresses e USING(idaddress)
    WHERE idorder = pidorder;
    
END ;;
DELIMITER ;
/*!50003 SET sql_mode              = @saved_sql_mode */ ;
/*!50003 SET character_set_client  = @saved_cs_client */ ;
/*!50003 SET character_set_results = @saved_cs_results */ ;
/*!50003 SET collation_connection  = @saved_col_connection */ ;
/*!50003 DROP PROCEDURE IF EXISTS `sp_products_save` */;
/*!50003 SET @saved_cs_client      = @@character_set_client */ ;
/*!50003 SET @saved_cs_results     = @@character_set_results */ ;
/*!50003 SET @saved_col_connection = @@collation_connection */ ;
/*!50003 SET character_set_client  = utf8mb4 */ ;
/*!50003 SET character_set_results = utf8mb4 */ ;
/*!50003 SET collation_connection  = utf8mb4_general_ci */ ;
/*!50003 SET @saved_sql_mode       = @@sql_mode */ ;
/*!50003 SET sql_mode              = 'NO_ZERO_IN_DATE,NO_ZERO_DATE,NO_ENGINE_SUBSTITUTION' */ ;
DELIMITER ;;
CREATE DEFINER=`Nelton`@`localhost` PROCEDURE `sp_products_save`(
pidproduct int(11),
pdesproduct varchar(64),
pvlprice decimal(10,2),
pvlwidth decimal(10,2),
pvlheight decimal(10,2),
pvllength decimal(10,2),
pvlweight decimal(10,2),
pdesurl varchar(128)
)
BEGIN
	
	IF pidproduct > 0 THEN
		
		UPDATE tb_products
        SET 
			desproduct = pdesproduct,
            vlprice = pvlprice,
            vlwidth = pvlwidth,
            vlheight = pvlheight,
            vllength = pvllength,
            vlweight = pvlweight,
            desurl = pdesurl
        WHERE idproduct = pidproduct;
        
    ELSE
		
		INSERT INTO tb_products (desproduct, vlprice, vlwidth, vlheight, vllength, vlweight, desurl) 
        VALUES(pdesproduct, pvlprice, pvlwidth, pvlheight, pvllength, pvlweight, pdesurl);
        
        SET pidproduct = LAST_INSERT_ID();
        
    END IF;
    
    SELECT * FROM tb_products WHERE idproduct = pidproduct;
    
END ;;
DELIMITER ;
/*!50003 SET sql_mode              = @saved_sql_mode */ ;
/*!50003 SET character_set_client  = @saved_cs_client */ ;
/*!50003 SET character_set_results = @saved_cs_results */ ;
/*!50003 SET collation_connection  = @saved_col_connection */ ;
/*!50003 DROP PROCEDURE IF EXISTS `sp_userspasswordsrecoveries_create` */;
/*!50003 SET @saved_cs_client      = @@character_set_client */ ;
/*!50003 SET @saved_cs_results     = @@character_set_results */ ;
/*!50003 SET @saved_col_connection = @@collation_connection */ ;
/*!50003 SET character_set_client  = utf8 */ ;
/*!50003 SET character_set_results = utf8 */ ;
/*!50003 SET collation_connection  = utf8_general_ci */ ;
/*!50003 SET @saved_sql_mode       = @@sql_mode */ ;
/*!50003 SET sql_mode              = 'NO_ENGINE_SUBSTITUTION' */ ;
DELIMITER ;;
CREATE DEFINER=`Nelton`@`localhost` PROCEDURE `sp_userspasswordsrecoveries_create`(
piduser INT,
pdesip VARCHAR(45)
)
BEGIN
	
	INSERT INTO tb_userspasswordsrecoveries (iduser, desip)
    VALUES(piduser, pdesip);
    
    SELECT * FROM tb_userspasswordsrecoveries
    WHERE idrecovery = LAST_INSERT_ID();
    
END ;;
DELIMITER ;
/*!50003 SET sql_mode              = @saved_sql_mode */ ;
/*!50003 SET character_set_client  = @saved_cs_client */ ;
/*!50003 SET character_set_results = @saved_cs_results */ ;
/*!50003 SET collation_connection  = @saved_col_connection */ ;
/*!50003 DROP PROCEDURE IF EXISTS `sp_usersupdate_save` */;
/*!50003 SET @saved_cs_client      = @@character_set_client */ ;
/*!50003 SET @saved_cs_results     = @@character_set_results */ ;
/*!50003 SET @saved_col_connection = @@collation_connection */ ;
/*!50003 SET character_set_client  = utf8 */ ;
/*!50003 SET character_set_results = utf8 */ ;
/*!50003 SET collation_connection  = utf8_general_ci */ ;
/*!50003 SET @saved_sql_mode       = @@sql_mode */ ;
/*!50003 SET sql_mode              = 'NO_ENGINE_SUBSTITUTION' */ ;
DELIMITER ;;
CREATE DEFINER=`Nelton`@`localhost` PROCEDURE `sp_usersupdate_save`(
piduser INT,
pdesperson VARCHAR(64), 
pdeslogin VARCHAR(64), 
pdespassword VARCHAR(256), 
pdesemail VARCHAR(128), 
pnrphone BIGINT, 
pinadmin TINYINT
)
BEGIN
	
    DECLARE vidperson INT;
    
	SELECT idperson INTO vidperson
    FROM tb_users
    WHERE iduser = piduser;
    
    UPDATE tb_persons
    SET 
		desperson = pdesperson,
        desemail = pdesemail,
        nrphone = pnrphone
	WHERE idperson = vidperson;
    
    UPDATE tb_users
    SET
		deslogin = pdeslogin,
        despassword = pdespassword,
        inadmin = pinadmin
	WHERE iduser = piduser;
    
    SELECT * FROM tb_users a INNER JOIN tb_persons b USING(idperson) WHERE a.iduser = piduser;
    
END ;;
DELIMITER ;
/*!50003 SET sql_mode              = @saved_sql_mode */ ;
/*!50003 SET character_set_client  = @saved_cs_client */ ;
/*!50003 SET character_set_results = @saved_cs_results */ ;
/*!50003 SET collation_connection  = @saved_col_connection */ ;
/*!50003 DROP PROCEDURE IF EXISTS `sp_users_delete` */;
/*!50003 SET @saved_cs_client      = @@character_set_client */ ;
/*!50003 SET @saved_cs_results     = @@character_set_results */ ;
/*!50003 SET @saved_col_connection = @@collation_connection */ ;
/*!50003 SET character_set_client  = utf8mb4 */ ;
/*!50003 SET character_set_results = utf8mb4 */ ;
/*!50003 SET collation_connection  = utf8mb4_general_ci */ ;
/*!50003 SET @saved_sql_mode       = @@sql_mode */ ;
/*!50003 SET sql_mode              = 'NO_ZERO_IN_DATE,NO_ZERO_DATE,NO_ENGINE_SUBSTITUTION' */ ;
DELIMITER ;;
CREATE DEFINER=`Nelton`@`localhost` PROCEDURE `sp_users_delete`(
piduser INT
)
BEGIN
    
    DECLARE vidperson INT;
    
    SET FOREIGN_KEY_CHECKS = 0;
	
	SELECT idperson INTO vidperson
    FROM tb_users
    WHERE iduser = piduser;
	
    DELETE FROM tb_addresses WHERE idperson = vidperson;
    DELETE FROM tb_addresses WHERE idaddress IN(SELECT idaddress FROM tb_orders WHERE iduser = piduser);
	DELETE FROM tb_persons WHERE idperson = vidperson;
    
    DELETE FROM tb_userslogs WHERE iduser = piduser;
    DELETE FROM tb_userspasswordsrecoveries WHERE iduser = piduser;
    DELETE FROM tb_orders WHERE iduser = piduser;
    DELETE FROM tb_cartsproducts WHERE idcart IN(SELECT idcart FROM tb_carts WHERE iduser = piduser);
    DELETE FROM tb_carts WHERE iduser = piduser;
    DELETE FROM tb_users WHERE iduser = piduser;
    
    SET FOREIGN_KEY_CHECKS = 1;
    
END ;;
DELIMITER ;
/*!50003 SET sql_mode              = @saved_sql_mode */ ;
/*!50003 SET character_set_client  = @saved_cs_client */ ;
/*!50003 SET character_set_results = @saved_cs_results */ ;
/*!50003 SET collation_connection  = @saved_col_connection */ ;
/*!50003 DROP PROCEDURE IF EXISTS `sp_users_save` */;
/*!50003 SET @saved_cs_client      = @@character_set_client */ ;
/*!50003 SET @saved_cs_results     = @@character_set_results */ ;
/*!50003 SET @saved_col_connection = @@collation_connection */ ;
/*!50003 SET character_set_client  = utf8mb4 */ ;
/*!50003 SET character_set_results = utf8mb4 */ ;
/*!50003 SET collation_connection  = utf8mb4_general_ci */ ;
/*!50003 SET @saved_sql_mode       = @@sql_mode */ ;
/*!50003 SET sql_mode              = 'NO_ZERO_IN_DATE,NO_ZERO_DATE,NO_ENGINE_SUBSTITUTION' */ ;
DELIMITER ;;
CREATE DEFINER=`Nelton`@`localhost` PROCEDURE `sp_users_save`(
pdesperson VARCHAR(64), 
pdeslogin VARCHAR(64),
pdespassword VARCHAR(256), 
pdesemail VARCHAR(128), 
pnrphone BIGINT, 
pinadmin TINYINT
)
BEGIN
	
    DECLARE vidperson INT;
    
	INSERT INTO tb_persons (desperson, desemail, nrphone)
    VALUES(pdesperson, pdesemail, pnrphone);
    
    SET vidperson = LAST_INSERT_ID();
    
    INSERT INTO tb_users (idperson, deslogin, despassword, inadmin)
    VALUES(vidperson, pdeslogin, pdespassword, pinadmin);
    
    SELECT * FROM tb_users a INNER JOIN tb_persons b USING(idperson) WHERE a.iduser = LAST_INSERT_ID();
    
END ;;
DELIMITER ;
/*!50003 SET sql_mode              = @saved_sql_mode */ ;
/*!50003 SET character_set_client  = @saved_cs_client */ ;
/*!50003 SET character_set_results = @saved_cs_results */ ;
/*!50003 SET collation_connection  = @saved_col_connection */ ;
/*!40103 SET TIME_ZONE=@OLD_TIME_ZONE */;

/*!40101 SET SQL_MODE=@OLD_SQL_MODE */;
/*!40014 SET FOREIGN_KEY_CHECKS=@OLD_FOREIGN_KEY_CHECKS */;
/*!40014 SET UNIQUE_CHECKS=@OLD_UNIQUE_CHECKS */;
/*!40101 SET CHARACTER_SET_CLIENT=@OLD_CHARACTER_SET_CLIENT */;
/*!40101 SET CHARACTER_SET_RESULTS=@OLD_CHARACTER_SET_RESULTS */;
/*!40101 SET COLLATION_CONNECTION=@OLD_COLLATION_CONNECTION */;
/*!40111 SET SQL_NOTES=@OLD_SQL_NOTES */;

-- Dump completed on 2020-06-18 18:34:05
